ID do Usuário,Título,Conteúdo,Data da Postagem
196,Título da Postagem 384,Conteúdo da postagem 296,2020-09-06
168,Título da Postagem 292,Conteúdo da postagem 124,2021-07-04
23,Título da Postagem 694,Conteúdo da postagem 117,2022-12-24
93,Título da Postagem 166,Conteúdo da postagem 497,2023-11-02
164,Título da Postagem 778,Conteúdo da postagem 18,2022-11-10
9,Título da Postagem 128,Conteúdo da postagem 566,2020-07-21
70,Título da Postagem 775,Conteúdo da postagem 339,2022-02-16
195,Título da Postagem 852,Conteúdo da postagem 346,2021-08-13
140,Título da Postagem 244,Conteúdo da postagem 843,2021-01-05
75,Título da Postagem 598,Conteúdo da postagem 438,2023-01-02
171,Título da Postagem 287,Conteúdo da postagem 632,2023-12-27
77,Título da Postagem 345,Conteúdo da postagem 612,2023-11-05
53,Título da Postagem 763,Conteúdo da postagem 45,2022-04-16
28,Título da Postagem 540,Conteúdo da postagem 625,2024-01-02
88,Título da Postagem 906,Conteúdo da postagem 786,2020-05-24
190,Título da Postagem 377,Conteúdo da postagem 955,2021-07-15
41,Título da Postagem 44,Conteúdo da postagem 84,2021-11-09
42,Título da Postagem 644,Conteúdo da postagem 337,2020-08-03
88,Título da Postagem 484,Conteúdo da postagem 137,2023-07-10
177,Título da Postagem 723,Conteúdo da postagem 932,2021-09-05
47,Título da Postagem 265,Conteúdo da postagem 350,2022-07-24
88,Título da Postagem 84,Conteúdo da postagem 779,2024-08-27
99,Título da Postagem 753,Conteúdo da postagem 889,2021-04-19
96,Título da Postagem 499,Conteúdo da postagem 806,2021-12-11
35,Título da Postagem 385,Conteúdo da postagem 992,2020-09-05
2,Título da Postagem 14,Conteúdo da postagem 166,2024-03-05
173,Título da Postagem 800,Conteúdo da postagem 372,2021-03-16
174,Título da Postagem 685,Conteúdo da postagem 104,2021-08-30
98,Título da Postagem 771,Conteúdo da postagem 265,2021-04-12
55,Título da Postagem 520,Conteúdo da postagem 872,2024-05-28
63,Título da Postagem 486,Conteúdo da postagem 338,2020-01-19
13,Título da Postagem 499,Conteúdo da postagem 988,2020-11-08
28,Título da Postagem 95,Conteúdo da postagem 803,2020-09-08
28,Título da Postagem 469,Conteúdo da postagem 763,2021-06-07
60,Título da Postagem 779,Conteúdo da postagem 859,2020-10-19
92,Título da Postagem 388,Conteúdo da postagem 195,2021-10-01
38,Título da Postagem 127,Conteúdo da postagem 6,2024-05-09
187,Título da Postagem 685,Conteúdo da postagem 348,2022-08-31
149,Título da Postagem 767,Conteúdo da postagem 328,2021-01-18
183,Título da Postagem 559,Conteúdo da postagem 23,2024-04-12
145,Título da Postagem 263,Conteúdo da postagem 836,2022-07-30
75,Título da Postagem 649,Conteúdo da postagem 108,2020-12-22
81,Título da Postagem 431,Conteúdo da postagem 428,2022-03-03
87,Título da Postagem 587,Conteúdo da postagem 868,2024-07-27
29,Título da Postagem 899,Conteúdo da postagem 123,2024-06-13
170,Título da Postagem 82,Conteúdo da postagem 215,2021-10-21
167,Título da Postagem 190,Conteúdo da postagem 748,2023-09-17
137,Título da Postagem 260,Conteúdo da postagem 471,2022-04-14
139,Título da Postagem 235,Conteúdo da postagem 498,2023-09-30
31,Título da Postagem 691,Conteúdo da postagem 682,2024-01-06
190,Título da Postagem 261,Conteúdo da postagem 996,2021-06-15
4,Título da Postagem 557,Conteúdo da postagem 728,2023-11-11
191,Título da Postagem 290,Conteúdo da postagem 416,2021-04-02
91,Título da Postagem 191,Conteúdo da postagem 214,2020-01-13
163,Título da Postagem 811,Conteúdo da postagem 971,2023-10-07
64,Título da Postagem 365,Conteúdo da postagem 286,2020-11-25
196,Título da Postagem 616,Conteúdo da postagem 719,2022-07-25
63,Título da Postagem 866,Conteúdo da postagem 265,2023-06-23
184,Título da Postagem 437,Conteúdo da postagem 51,2021-02-01
56,Título da Postagem 547,Conteúdo da postagem 584,2022-06-09
199,Título da Postagem 210,Conteúdo da postagem 505,2024-02-05
117,Título da Postagem 944,Conteúdo da postagem 505,2022-07-23
4,Título da Postagem 188,Conteúdo da postagem 338,2021-11-02
21,Título da Postagem 827,Conteúdo da postagem 197,2020-04-28
154,Título da Postagem 425,Conteúdo da postagem 19,2021-02-09
184,Título da Postagem 682,Conteúdo da postagem 22,2022-08-01
165,Título da Postagem 653,Conteúdo da postagem 130,2020-04-02
18,Título da Postagem 312,Conteúdo da postagem 588,2020-07-07
59,Título da Postagem 691,Conteúdo da postagem 698,2021-10-02
170,Título da Postagem 340,Conteúdo da postagem 376,2021-09-17
183,Título da Postagem 483,Conteúdo da postagem 765,2023-02-16
136,Título da Postagem 944,Conteúdo da postagem 467,2020-11-06
148,Título da Postagem 111,Conteúdo da postagem 436,2021-03-20
19,Título da Postagem 109,Conteúdo da postagem 196,2022-02-10
149,Título da Postagem 826,Conteúdo da postagem 126,2020-11-05
154,Título da Postagem 922,Conteúdo da postagem 794,2021-07-17
123,Título da Postagem 222,Conteúdo da postagem 766,2023-05-19
92,Título da Postagem 970,Conteúdo da postagem 468,2020-04-28
123,Título da Postagem 515,Conteúdo da postagem 42,2022-10-25
10,Título da Postagem 239,Conteúdo da postagem 565,2020-02-23
185,Título da Postagem 294,Conteúdo da postagem 309,2024-02-22
38,Título da Postagem 823,Conteúdo da postagem 897,2020-02-09
68,Título da Postagem 208,Conteúdo da postagem 636,2022-11-08
147,Título da Postagem 346,Conteúdo da postagem 734,2024-02-04
82,Título da Postagem 627,Conteúdo da postagem 376,2024-07-12
145,Título da Postagem 544,Conteúdo da postagem 670,2021-04-26
55,Título da Postagem 541,Conteúdo da postagem 136,2020-11-12
123,Título da Postagem 761,Conteúdo da postagem 821,2022-12-19
10,Título da Postagem 313,Conteúdo da postagem 537,2022-07-15
121,Título da Postagem 983,Conteúdo da postagem 19,2022-09-13
196,Título da Postagem 744,Conteúdo da postagem 831,2024-02-09
140,Título da Postagem 969,Conteúdo da postagem 894,2020-05-22
129,Título da Postagem 282,Conteúdo da postagem 476,2021-02-26
126,Título da Postagem 921,Conteúdo da postagem 767,2022-04-23
51,Título da Postagem 138,Conteúdo da postagem 933,2021-10-07
119,Título da Postagem 860,Conteúdo da postagem 542,2022-07-09
55,Título da Postagem 867,Conteúdo da postagem 920,2023-01-11
118,Título da Postagem 875,Conteúdo da postagem 29,2020-08-11
149,Título da Postagem 655,Conteúdo da postagem 591,2023-01-27
163,Título da Postagem 989,Conteúdo da postagem 226,2022-06-05
