ID,Nome,E-mail,Data de Nascimento
1,Usuario1,usuario1@exemplo.com,1978-08-21
2,Usuario2,usuario2@exemplo.com,1982-11-24
3,Usuario3,usuario3@exemplo.com,1991-08-30
4,Usuario4,usuario4@exemplo.com,1971-03-03
5,Usuario5,usuario5@exemplo.com,2004-05-28
6,Usuario6,usuario6@exemplo.com,1987-03-12
7,Usuario7,usuario7@exemplo.com,1973-02-20
8,Usuario8,usuario8@exemplo.com,1976-10-30
9,Usuario9,usuario9@exemplo.com,1992-08-29
10,Usuario10,usuario10@exemplo.com,1981-01-21
11,Usuario11,usuario11@exemplo.com,2001-03-19
12,Usuario12,usuario12@exemplo.com,1980-04-20
13,Usuario13,usuario13@exemplo.com,1987-01-13
14,Usuario14,usuario14@exemplo.com,1994-06-21
15,Usuario15,usuario15@exemplo.com,1978-10-26
16,Usuario16,usuario16@exemplo.com,1997-09-02
17,Usuario17,usuario17@exemplo.com,1970-12-29
18,Usuario18,usuario18@exemplo.com,1994-10-25
19,Usuario19,usuario19@exemplo.com,1988-09-17
20,Usuario20,usuario20@exemplo.com,1974-06-07
21,Usuario21,usuario21@exemplo.com,2005-01-06
22,Usuario22,usuario22@exemplo.com,1987-03-28
23,Usuario23,usuario23@exemplo.com,1997-03-09
24,Usuario24,usuario24@exemplo.com,1980-11-05
25,Usuario25,usuario25@exemplo.com,2001-10-26
26,Usuario26,usuario26@exemplo.com,1985-07-02
27,Usuario27,usuario27@exemplo.com,1987-11-22
28,Usuario28,usuario28@exemplo.com,1990-02-06
29,Usuario29,usuario29@exemplo.com,1986-01-02
30,Usuario30,usuario30@exemplo.com,1978-10-21
31,Usuario31,usuario31@exemplo.com,1991-07-15
32,Usuario32,usuario32@exemplo.com,1996-10-13
33,Usuario33,usuario33@exemplo.com,1982-05-11
34,Usuario34,usuario34@exemplo.com,1983-06-09
35,Usuario35,usuario35@exemplo.com,1973-02-08
36,Usuario36,usuario36@exemplo.com,1976-07-27
37,Usuario37,usuario37@exemplo.com,2002-07-05
38,Usuario38,usuario38@exemplo.com,1981-07-18
39,Usuario39,usuario39@exemplo.com,1982-12-02
40,Usuario40,usuario40@exemplo.com,1987-10-26
41,Usuario41,usuario41@exemplo.com,1979-01-14
42,Usuario42,usuario42@exemplo.com,1999-04-25
43,Usuario43,usuario43@exemplo.com,1996-04-12
44,Usuario44,usuario44@exemplo.com,2004-06-08
45,Usuario45,usuario45@exemplo.com,1999-02-09
46,Usuario46,usuario46@exemplo.com,1995-04-01
47,Usuario47,usuario47@exemplo.com,2005-03-28
48,Usuario48,usuario48@exemplo.com,1986-06-30
49,Usuario49,usuario49@exemplo.com,1997-02-16
50,Usuario50,usuario50@exemplo.com,2003-04-07
51,Usuario51,usuario51@exemplo.com,1998-05-03
52,Usuario52,usuario52@exemplo.com,2001-04-08
53,Usuario53,usuario53@exemplo.com,1982-11-14
54,Usuario54,usuario54@exemplo.com,1986-06-19
55,Usuario55,usuario55@exemplo.com,2002-07-23
56,Usuario56,usuario56@exemplo.com,2005-04-26
57,Usuario57,usuario57@exemplo.com,2001-01-19
58,Usuario58,usuario58@exemplo.com,1971-10-02
59,Usuario59,usuario59@exemplo.com,1995-08-01
60,Usuario60,usuario60@exemplo.com,1988-08-30
61,Usuario61,usuario61@exemplo.com,1985-08-28
62,Usuario62,usuario62@exemplo.com,1981-07-18
63,Usuario63,usuario63@exemplo.com,2002-02-21
64,Usuario64,usuario64@exemplo.com,1986-02-22
65,Usuario65,usuario65@exemplo.com,1989-02-18
66,Usuario66,usuario66@exemplo.com,1976-10-04
67,Usuario67,usuario67@exemplo.com,1995-02-26
68,Usuario68,usuario68@exemplo.com,1979-11-06
69,Usuario69,usuario69@exemplo.com,1998-09-01
70,Usuario70,usuario70@exemplo.com,1990-01-21
71,Usuario71,usuario71@exemplo.com,1998-08-22
72,Usuario72,usuario72@exemplo.com,1975-09-25
73,Usuario73,usuario73@exemplo.com,1987-10-10
74,Usuario74,usuario74@exemplo.com,1981-06-07
75,Usuario75,usuario75@exemplo.com,2001-09-10
76,Usuario76,usuario76@exemplo.com,1971-12-02
77,Usuario77,usuario77@exemplo.com,1983-08-27
78,Usuario78,usuario78@exemplo.com,1973-03-25
79,Usuario79,usuario79@exemplo.com,2005-10-23
80,Usuario80,usuario80@exemplo.com,1986-10-28
81,Usuario81,usuario81@exemplo.com,1995-12-31
82,Usuario82,usuario82@exemplo.com,2002-11-20
83,Usuario83,usuario83@exemplo.com,1988-04-04
84,Usuario84,usuario84@exemplo.com,2003-12-13
85,Usuario85,usuario85@exemplo.com,1972-06-26
86,Usuario86,usuario86@exemplo.com,1974-08-10
87,Usuario87,usuario87@exemplo.com,2003-06-14
88,Usuario88,usuario88@exemplo.com,1999-06-10
89,Usuario89,usuario89@exemplo.com,1983-06-14
90,Usuario90,usuario90@exemplo.com,2005-11-23
91,Usuario91,usuario91@exemplo.com,1977-08-10
92,Usuario92,usuario92@exemplo.com,1987-11-01
93,Usuario93,usuario93@exemplo.com,1994-09-13
94,Usuario94,usuario94@exemplo.com,1985-03-30
95,Usuario95,usuario95@exemplo.com,1972-06-03
96,Usuario96,usuario96@exemplo.com,2004-05-16
97,Usuario97,usuario97@exemplo.com,1972-05-12
98,Usuario98,usuario98@exemplo.com,1994-01-19
99,Usuario99,usuario99@exemplo.com,1982-09-09
100,Usuario100,usuario100@exemplo.com,2004-06-12
101,Usuario101,usuario101@exemplo.com,1971-02-14
102,Usuario102,usuario102@exemplo.com,1976-08-03
103,Usuario103,usuario103@exemplo.com,1994-09-14
104,Usuario104,usuario104@exemplo.com,1989-07-16
105,Usuario105,usuario105@exemplo.com,1993-09-09
106,Usuario106,usuario106@exemplo.com,1983-02-06
107,Usuario107,usuario107@exemplo.com,1987-04-08
108,Usuario108,usuario108@exemplo.com,2000-12-15
109,Usuario109,usuario109@exemplo.com,1985-10-25
110,Usuario110,usuario110@exemplo.com,1980-05-26
111,Usuario111,usuario111@exemplo.com,1980-09-28
112,Usuario112,usuario112@exemplo.com,2000-01-30
113,Usuario113,usuario113@exemplo.com,1982-08-18
114,Usuario114,usuario114@exemplo.com,1992-01-14
115,Usuario115,usuario115@exemplo.com,2004-01-15
116,Usuario116,usuario116@exemplo.com,1997-10-18
117,Usuario117,usuario117@exemplo.com,2000-10-02
118,Usuario118,usuario118@exemplo.com,1972-10-19
119,Usuario119,usuario119@exemplo.com,1971-04-16
120,Usuario120,usuario120@exemplo.com,2004-12-25
121,Usuario121,usuario121@exemplo.com,1990-04-09
122,Usuario122,usuario122@exemplo.com,1984-04-19
123,Usuario123,usuario123@exemplo.com,1994-04-03
124,Usuario124,usuario124@exemplo.com,1992-12-01
125,Usuario125,usuario125@exemplo.com,1977-07-31
126,Usuario126,usuario126@exemplo.com,1984-07-26
127,Usuario127,usuario127@exemplo.com,1991-03-07
128,Usuario128,usuario128@exemplo.com,1978-09-10
129,Usuario129,usuario129@exemplo.com,1974-02-21
130,Usuario130,usuario130@exemplo.com,1974-08-20
131,Usuario131,usuario131@exemplo.com,2002-05-02
132,Usuario132,usuario132@exemplo.com,1975-01-06
133,Usuario133,usuario133@exemplo.com,1995-08-22
134,Usuario134,usuario134@exemplo.com,2002-09-18
135,Usuario135,usuario135@exemplo.com,1982-11-11
136,Usuario136,usuario136@exemplo.com,1976-11-17
137,Usuario137,usuario137@exemplo.com,1983-11-07
138,Usuario138,usuario138@exemplo.com,1996-10-21
139,Usuario139,usuario139@exemplo.com,1981-12-26
140,Usuario140,usuario140@exemplo.com,1994-08-04
141,Usuario141,usuario141@exemplo.com,1983-05-06
142,Usuario142,usuario142@exemplo.com,1977-06-20
143,Usuario143,usuario143@exemplo.com,1991-10-16
144,Usuario144,usuario144@exemplo.com,1993-03-28
145,Usuario145,usuario145@exemplo.com,1994-12-18
146,Usuario146,usuario146@exemplo.com,1994-07-10
147,Usuario147,usuario147@exemplo.com,1987-07-11
148,Usuario148,usuario148@exemplo.com,1982-12-08
149,Usuario149,usuario149@exemplo.com,2002-03-08
150,Usuario150,usuario150@exemplo.com,1978-02-06
151,Usuario151,usuario151@exemplo.com,1995-03-30
152,Usuario152,usuario152@exemplo.com,1979-12-08
153,Usuario153,usuario153@exemplo.com,1996-12-19
154,Usuario154,usuario154@exemplo.com,1974-04-01
155,Usuario155,usuario155@exemplo.com,1998-03-23
156,Usuario156,usuario156@exemplo.com,1991-07-05
157,Usuario157,usuario157@exemplo.com,1984-07-04
158,Usuario158,usuario158@exemplo.com,1980-10-02
159,Usuario159,usuario159@exemplo.com,1988-05-30
160,Usuario160,usuario160@exemplo.com,1981-09-17
161,Usuario161,usuario161@exemplo.com,2005-09-11
162,Usuario162,usuario162@exemplo.com,1993-09-06
163,Usuario163,usuario163@exemplo.com,1995-07-05
164,Usuario164,usuario164@exemplo.com,1981-11-16
165,Usuario165,usuario165@exemplo.com,1983-08-27
166,Usuario166,usuario166@exemplo.com,1976-03-23
167,Usuario167,usuario167@exemplo.com,1991-07-23
168,Usuario168,usuario168@exemplo.com,1992-08-18
169,Usuario169,usuario169@exemplo.com,1991-02-18
170,Usuario170,usuario170@exemplo.com,1983-10-22
171,Usuario171,usuario171@exemplo.com,1986-07-20
172,Usuario172,usuario172@exemplo.com,1999-08-08
173,Usuario173,usuario173@exemplo.com,1992-02-25
174,Usuario174,usuario174@exemplo.com,1976-11-07
175,Usuario175,usuario175@exemplo.com,1977-04-06
176,Usuario176,usuario176@exemplo.com,1988-05-12
177,Usuario177,usuario177@exemplo.com,1993-05-10
178,Usuario178,usuario178@exemplo.com,1980-07-02
179,Usuario179,usuario179@exemplo.com,1995-07-01
180,Usuario180,usuario180@exemplo.com,1980-09-12
181,Usuario181,usuario181@exemplo.com,1997-08-04
182,Usuario182,usuario182@exemplo.com,1981-05-29
183,Usuario183,usuario183@exemplo.com,1972-02-17
184,Usuario184,usuario184@exemplo.com,1980-07-10
185,Usuario185,usuario185@exemplo.com,1987-05-10
186,Usuario186,usuario186@exemplo.com,1993-10-23
187,Usuario187,usuario187@exemplo.com,1994-09-29
188,Usuario188,usuario188@exemplo.com,1994-10-03
189,Usuario189,usuario189@exemplo.com,2004-08-25
190,Usuario190,usuario190@exemplo.com,2003-10-17
191,Usuario191,usuario191@exemplo.com,2004-04-21
192,Usuario192,usuario192@exemplo.com,1981-02-28
193,Usuario193,usuario193@exemplo.com,1982-10-22
194,Usuario194,usuario194@exemplo.com,1973-03-14
195,Usuario195,usuario195@exemplo.com,1997-10-14
196,Usuario196,usuario196@exemplo.com,2001-03-03
197,Usuario197,usuario197@exemplo.com,1978-06-21
198,Usuario198,usuario198@exemplo.com,1986-06-18
199,Usuario199,usuario199@exemplo.com,1995-09-19
200,Usuario200,usuario200@exemplo.com,1973-03-12
